"","hard_desc","N","median","mean","sd","se"
"1","rpoB_A_1538_C",38,0.932063834983259,0.934965158887853,0.097387542895589,0.0157983456089556
"2","rpoB_A_1547_G",40,1.30368368182408,1.30078821662187,0.0500742937707327,0.00791744102699484
"3","rpoB_A_1714_C",32,1.26991812159193,1.25671641384767,0.0475444220233558,0.00840474580507748
"4","rpoB_A_443_T",32,1.23472505163885,1.24184139332331,0.0339758008432792,0.00600612979313159
"5","rpoB_C_1535_T",30,1.27771548540006,1.27752326950178,0.0520096216378217,0.00949561432611457
"6","rpoB_C_1576_A",25,1.59927643689381,1.59797709476941,0.0692353637781623,0.0138470727556325
"7","rpoB_C_1576_G",23,1.59861048705784,1.57732977505866,0.0677295878699385,0.0141225953290274
"8","rpoB_C_1576_T",23,1.49125015909965,1.49458725309128,0.0711280598088948,0.0148312257140683
"9","rpoB_C_1721_A",32,1.29784679268664,1.30291809832574,0.0355964407952742,0.00629262116811096
"10","rpoB_CACTCGGCCCAG_1594_nan",40,1.01836096752968,1.02283190966277,0.0347722086208013,0.00549796892581372
"11","rpoB_G_1546_T",32,1.34812495888567,1.35275342248654,0.0421390936278863,0.00744920971433331
"12","rpoB_T_1534_C",38,1.32670246409236,1.32962485675539,0.04750339214805,0.00770606778278857
"13","WT",88,0.990985850762261,1,0.0879291235576669,0.00937327606550779
